Name,Link
"Zabaglia, Niccola",https://web.archive.org/web/20121007172955/https://www.nga.gov/cgi-bin/tsearch?artistid=11630
"Zaccone, Fabian",https://web.archive.org/web/20121007172955/https://www.nga.gov/cgi-bin/tsearch?artistid=34202
"Zadkine, Ossip",https://web.archive.org/web/20121007172955/https://www.nga.gov/cgi-bin/tsearch?artistid=3475
"Zaech, Bernhard",https://web.archive.org/web/20121007172955/https://www.nga.gov/cgi-bin/tsearch?artistid=25135
"Zagar, Jacob",https://web.archive.org/web/20121007172955/https://www.nga.gov/cgi-bin/tsearch?artistid=2298
"Zagroba, Idalia",https://web.archive.org/web/20121007172955/https://www.nga.gov/cgi-bin/tsearch?artistid=23988
"Zaidenberg, A.",https://web.archive.org/web/20121007172955/https://www.nga.gov/cgi-bin/tsearch?artistid=8232
"Zaidenberg, Arthur",https://web.archive.org/web/20121007172955/https://www.nga.gov/cgi-bin/tsearch?artistid=34154
"Zaisinger, Matthäus",https://web.archive.org/web/20121007172955/https://www.nga.gov/cgi-bin/tsearch?artistid=4910
"Zajac, Jack",https://web.archive.org/web/20121007172955/https://www.nga.gov/cgi-bin/tsearch?artistid=3450
"Zak, Eugène",https://web.archive.org/web/20121007172955/https://www.nga.gov/cgi-bin/tsearch?artistid=1986
"Zakharov, Gurii Fillipovich",https://web.archive.org/web/20121007172955/https://www.nga.gov/cgi-bin/tsearch?artistid=3451
"Zakowortny, Igor",https://web.archive.org/web/20121007172955/https://www.nga.gov/cgi-bin/tsearch?artistid=20099
"Zalce, Alfredo",https://web.archive.org/web/20121007172955/https://www.nga.gov/cgi-bin/tsearch?artistid=3452
"Zalopany, Michele",https://web.archive.org/web/20121007172955/https://www.nga.gov/cgi-bin/tsearch?artistid=34309
"Zammiello, Craig",https://web.archive.org/web/20121007172955/https://www.nga.gov/cgi-bin/tsearch?artistid=27191
"Zammitt, Norman",https://web.archive.org/web/20121007172955/https://www.nga.gov/cgi-bin/tsearch?artistid=5846
"Zampieri, Domenico",https://web.archive.org/web/20121007172955/https://www.nga.gov/cgi-bin/tsearch?artistid=3941
"Zampieri, called Domenichino, Domenico",https://web.archive.org/web/20121007172955/https://www.nga.gov/cgi-bin/tsearch?artistid=3941
"Zanartú, Enrique Antunez",https://web.archive.org/web/20121007172955/https://www.nga.gov/cgi-bin/tsearch?artistid=3453
"Zanchi, Antonio",https://web.archive.org/web/20121007172955/https://www.nga.gov/cgi-bin/tsearch?artistid=35173
"Zanetti, Anton Maria",https://web.archive.org/web/20121007172955/https://www.nga.gov/cgi-bin/tsearch?artistid=11133
"Zanetti Borzino, Leopoldina",https://web.archive.org/web/20121007172955/https://www.nga.gov/cgi-bin/tsearch?artistid=3455
"Zanetti I, Antonio Maria, conte",https://web.archive.org/web/20121007172955/https://www.nga.gov/cgi-bin/tsearch?artistid=3454
"Zanguidi, Jacopo",https://web.archive.org/web/20121007172955/https://www.nga.gov/cgi-bin/tsearch?artistid=961
"Zanini, Giuseppe",https://web.archive.org/web/20121007172955/https://www.nga.gov/cgi-bin/tsearch?artistid=11597
"Zanini-Viola, Giuseppe",https://web.archive.org/web/20121007172955/https://www.nga.gov/cgi-bin/tsearch?artistid=11597
"Zanotti, Giampietro",https://web.archive.org/web/20121007172955/https://www.nga.gov/cgi-bin/tsearch?artistid=11631
Zao Wou-Ki,https://web.archive.org/web/20121007172955/https://www.nga.gov/cgi-bin/tsearch?artistid=3427
